id;first_name;last_name;email;phone_number
1;Chelsey;Wyman;Kiana.Bosco@hotmail.com;wireless orchid
2;Jessy;Fadel;Benny88@hotmail.com;pricing
3;Einar;Moore;Afton_Cassin@hotmail.com;blue generate scale
4;Alphonso;Schneider;Reta.Kessler@yahoo.com;Extended
5;Ollie;Parker;Verner.Dibbert78@hotmail.com;Implementation Administrator
6;Davon;Pacocha;Erling69@hotmail.com;Ergonomic Generic bluetooth
7;Edward;Schumm;Demetris_Haag83@gmail.com;Handmade violet
8;August;Schamberger;Alexanne.Medhurst70@gmail.com;Account
9;Maxine;Gislason;Novella.Mosciski@hotmail.com;azure
10;Owen;Hyatt;Roderick.Oberbrunner16@yahoo.com;RSS COM
